model,test_name,t_s_mean,t_s_std,t_s_req_mean,t_s_req_std,peak_ts_mean,peak_ts_std,peak_ts_req_mean,peak_ts_req_std,ttfr_mean,ttfr_std,est_ppt_mean,est_ppt_std,e2e_ttft_mean,e2e_ttft_std
deepseek-ai/DeepSeek-V4-Flash-0731,pp2048 (c1),1801.6133695186008,41.738608223327134,1801.6133695186008,41.738608223327134,,,,,1139.2269999972389,26.745972627389175,1137.3784999886993,26.745972627389175,1139.2269999972389,26.745972627389175
deepseek-ai/DeepSeek-V4-Flash-0731,tg128 (c1),35.10542938727155,2.1318987807010057,35.10542938727155,2.1318987807010057,45.333333333333336,4.784233364802441,45.333333333333336,4.784233364802441,,,,,,
deepseek-ai/DeepSeek-V4-Flash-0731,pp2048 (c2),1772.3272218058858,33.107883173758246,955.6252091661751,71.0914636191636,,,,,2156.873966664231,160.41847173553288,2155.025466655691,160.4184717355328,2156.873966664231,160.41847173553288
deepseek-ai/DeepSeek-V4-Flash-0731,tg128 (c2),58.27355099333971,8.446702569834873,33.506288903000836,6.206421733801603,80.66666666666667,8.993825042154695,42.666666666666664,6.209312003399052,,,,,,
deepseek-ai/DeepSeek-V4-Flash-0731,pp2048 (c5),1939.795222802204,48.16191599589058,625.0693466254677,378.909159048417,,,,,4014.611746663771,1339.0614945932618,4012.76324665523,1339.0614945932616,4014.611746663771,1339.0614945932618
deepseek-ai/DeepSeek-V4-Flash-0731,tg128 (c5),59.83722376114341,1.24525096678023,17.36924205327986,1.8868800209759848,119.66666666666667,8.806563209081938,30.533333333333335,3.9810663004889646,,,,,,
deepseek-ai/DeepSeek-V4-Flash-0731,pp2048 (c10),2006.8006585552664,8.465273805395695,395.3812681582314,243.61561676825906,,,,,6629.4756233304115,2666.029584917759,6627.62712332187,2666.029584917759,6629.4756233304115,2666.029584917759
deepseek-ai/DeepSeek-V4-Flash-0731,tg128 (c10),66.78176122744986,1.8643589633705104,10.264036280752466,2.171315865882864,160.0,7.788880963698615,21.5,2.591653268990022,,,,,,
deepseek-ai/DeepSeek-V4-Flash-0731,ctx_pp @ d4096 (c1),1775.731762606445,1.3468448801499857,1775.731762606445,1.3468448801499857,,,,,2309.067666666427,1.7504087376556685,2307.2191666578874,1.7504087376556685,2309.067666666427,1.7504087376556685
deepseek-ai/DeepSeek-V4-Flash-0731,ctx_tg @ d4096 (c1),36.66617895193904,4.165803731244839,36.66617895193904,4.165803731244839,40.666666666666664,2.0548046676563256,40.666666666666664,2.0548046676563256,,,,,,
deepseek-ai/DeepSeek-V4-Flash-0731,pp2048 @ d4096 (c1),635.9798668282623,7.585305062510749,635.9798668282623,7.585305062510749,,,,,3222.5382666608007,38.73923605543736,3220.6897666522614,38.73923605543736,3222.5382666608007,38.73923605543736
deepseek-ai/DeepSeek-V4-Flash-0731,tg128 @ d4096 (c1),31.772119626456373,5.0914177274991355,31.772119626456373,5.0914177274991355,38.666666666666664,6.018490028422596,38.666666666666664,6.018490028422596,,,,,,
deepseek-ai/DeepSeek-V4-Flash-0731,ctx_pp @ d4096 (c2),1853.9332527326596,30.069780658173567,1112.1795510655793,325.3131713283535,,,,,3910.754466667034,775.3840222273137,3908.905966658495,775.3840222273138,3910.754466667034,775.3840222273137
deepseek-ai/DeepSeek-V4-Flash-0731,ctx_tg @ d4096 (c2),38.53198570728898,10.314986394583595,25.28987994835037,5.961150841909994,61.333333333333336,6.649979114420002,38.398570991989544,10.102193450667869,,,,,,
deepseek-ai/DeepSeek-V4-Flash-0731,pp2048 @ d4096 (c2),654.410021703382,0.7924044659541741,447.0814932417156,127.5379643579414,,,,,4957.117333333978,1327.9410136859392,4955.268833325439,1327.9410136859397,4957.117333333978,1327.9410136859392
deepseek-ai/DeepSeek-V4-Flash-0731,tg128 @ d4096 (c2),27.695529580863617,5.938196758084231,20.835623383321458,6.561960017622539,55.0,10.614455552060438,32.0,7.852812659593164,,,,,,
deepseek-ai/DeepSeek-V4-Flash-0731,ctx_pp @ d4096 (c5),1983.6622045493816,30.353713709222205,667.3315626803465,373.97729955801265,,,,,7451.3807733349195,2601.262538220673,7449.532273326382,2601.2625382206725,7451.3807733349195,2601.262538220673
deepseek-ai/DeepSeek-V4-Flash-0731,ctx_tg @ d4096 (c5),41.75454068131034,6.205970940090716,13.93151842748447,4.531558620159526,113.0,14.854853303438128,28.066666666666666,6.77708557485361,,,,,,
deepseek-ai/DeepSeek-V4-Flash-0731,pp2048 @ d4096 (c5),666.5737797010956,5.252427890682092,263.20391820681675,157.22053905041778,,,,,10064.95150666451,4168.6619668171,10063.10300665597,4168.6619668171,10064.95150666451,4168.6619668171
deepseek-ai/DeepSeek-V4-Flash-0731,tg128 @ d4096 (c5),30.429233016238857,2.646186401454765,11.206292707215276,4.5702806670216605,97.66666666666667,8.806563209081938,27.8,6.655323683588449,,,,,,
deepseek-ai/DeepSeek-V4-Flash-0731,ctx_pp @ d4096 (c10),2001.3605827013473,0.9616279718747357,495.99375537996536,463.63868926048633,,,,,12543.453186666982,5707.279629786915,12541.604686658446,5707.279629786915,12607.921916666479,5753.557683710493
deepseek-ai/DeepSeek-V4-Flash-0731,ctx_tg @ d4096 (c10),40.64333263153631,1.098087836615507,8.183641570607975,2.6245860239611907,148.0,12.027745701779143,22.333333333333332,5.393411618714901,,,,,,
deepseek-ai/DeepSeek-V4-Flash-0731,pp2048 @ d4096 (c10),668.1164873870879,1.6056702253256692,169.79176170806196,132.35335094529646,,,,,17671.07217666732,8666.8466200631,17669.22367665878,8666.8466200631,17736.009900001227,8657.815718189948
deepseek-ai/DeepSeek-V4-Flash-0731,tg128 @ d4096 (c10),30.967173955467928,0.4804940954527444,6.871028813610338,4.079093889741741,142.33333333333334,11.08552609887726,21.4,5.276362383309167,,,,,,
deepseek-ai/DeepSeek-V4-Flash-0731,ctx_pp @ d8192 (c1),1855.4112393738724,48.60910068374581,1855.4112393738724,48.60910068374581,,,,,4420.669733333246,117.89220449718646,4418.821233324707,117.89220449718646,4420.669733333246,117.89220449718646
deepseek-ai/DeepSeek-V4-Flash-0731,ctx_tg @ d8192 (c1),29.41185080885215,2.024863905179131,29.41185080885215,2.024863905179131,40.333333333333336,4.784233364802441,40.333333333333336,4.784233364802441,,,,,,
deepseek-ai/DeepSeek-V4-Flash-0731,pp2048 @ d8192 (c1),636.4180500875663,3.1541749350142134,636.4180500875663,3.1541749350142134,,,,,3219.9383666641857,16.003539639497614,3218.089866655646,16.003539639497614,3219.9383666641857,16.003539639497614
deepseek-ai/DeepSeek-V4-Flash-0731,tg128 @ d8192 (c1),40.52277811101883,9.793086054356017,40.52277811101883,9.793086054356017,47.666666666666664,7.039570693980959,47.666666666666664,7.039570693980959,,,,,,
deepseek-ai/DeepSeek-V4-Flash-0731,ctx_pp @ d8192 (c2),1962.7196218209974,24.615483931635442,1180.0559594349847,199.3578647755007,,,,,7148.392599997654,1206.0067415520268,7146.544099989114,1206.0067415520264,7148.392599997654,1206.0067415520268
deepseek-ai/DeepSeek-V4-Flash-0731,ctx_tg @ d8192 (c2),34.26093326999966,2.5913890271545608,23.42537018240858,5.210775712627051,68.0,5.0990195135927845,37.166666666666664,4.6696419087073,,,,,,
deepseek-ai/DeepSeek-V4-Flash-0731,pp2048 @ d8192 (c2),643.7669441531065,0.5908111594607905,438.7999244215125,124.72922742892698,,,,,5046.538600004472,1343.7140833965095,5044.690099995933,1343.7140833965095,5046.538600004472,1343.7140833965095
deepseek-ai/DeepSeek-V4-Flash-0731,tg128 @ d8192 (c2),31.295938944335933,2.192755370460062,21.77993236300924,5.087004916618313,62.666666666666664,5.90668171555645,34.0,4.795831523312719,,,,,,
deepseek-ai/DeepSeek-V4-Flash-0731,ctx_pp @ d8192 (c5),2001.132028732343,13.851329250847897,734.4254481787488,355.9071573555763,,,,,13538.396120003503,5223.480623417587,13536.54761999496,5223.480623417587,13538.396120003503,5223.480623417587
deepseek-ai/DeepSeek-V4-Flash-0731,ctx_tg @ d8192 (c5),25.155853517239862,2.9063591208635464,11.46690504927765,8.337628890085462,107.0,6.164414002968976,27.466666666666665,8.777749648337489,,,,,,
deepseek-ai/DeepSeek-V4-Flash-0731,pp2048 @ d8192 (c5),654.6352998565317,6.560701860735749,250.90126038800085,138.36058657057814,,,,,10293.025813335165,4176.9341725794175,10291.177313326625,4176.9341725794175,10301.851433335105,4188.440391256053
deepseek-ai/DeepSeek-V4-Flash-0731,tg128 @ d8192 (c5),29.583837145203674,3.654826146224988,12.011630596408237,5.007807153924096,103.66666666666667,3.0912061651652345,28.466666666666665,5.289822513300632,,,,,,
deepseek-ai/DeepSeek-V4-Flash-0731,ctx_pp @ d8192 (c10),2002.1436030203406,4.584872798083195,494.1978889339181,353.04423548028876,,,,,23470.511133331456,11227.072721007296,23468.66263332291,11227.072721007295,23535.621349997622,11244.520454676742
deepseek-ai/DeepSeek-V4-Flash-0731,ctx_tg @ d8192 (c10),26.96083494942859,1.104010773860843,6.1552959077999105,3.6059408476144394,142.0,12.192894105447921,22.033333333333335,4.490607481795259,,,,,,
deepseek-ai/DeepSeek-V4-Flash-0731,pp2048 @ d8192 (c10),652.7156431459746,2.683949300204068,175.3848531671901,155.35290111576776,,,,,18000.304626668607,8873.29196717737,17998.456126660072,8873.291967177372,18000.304626668607,8873.29196717737
deepseek-ai/DeepSeek-V4-Flash-0731,tg128 @ d8192 (c10),31.69915498713978,1.3586305474288622,6.722747683177477,3.3174199505068307,143.66666666666666,7.930251502246879,20.9,3.3201405592735576,,,,,,
deepseek-ai/DeepSeek-V4-Flash-0731,ctx_pp @ d16384 (c1),1953.5321729483403,16.746101302982574,1953.5321729483403,16.746101302982574,,,,,8389.839966665022,72.32716473465261,8387.991466656482,72.32716473465261,8389.839966665022,72.32716473465261
deepseek-ai/DeepSeek-V4-Flash-0731,ctx_tg @ d16384 (c1),41.66009099588791,6.584522961154013,41.66009099588791,6.584522961154013,54.0,9.201449161228174,54.0,9.201449161228174,,,,,,
deepseek-ai/DeepSeek-V4-Flash-0731,pp2048 @ d16384 (c1),625.3915790370205,3.0213316599205307,625.3915790370205,3.0213316599205307,,,,,3276.6734666753714,15.872801708991531,3274.824966666832,15.872801708991535,3276.6734666753714,15.872801708991531
deepseek-ai/DeepSeek-V4-Flash-0731,tg128 @ d16384 (c1),36.447418935729104,1.6617840655231775,36.447418935729104,1.6617840655231775,44.333333333333336,1.8856180831641267,44.333333333333336,1.8856180831641267,,,,,,
deepseek-ai/DeepSeek-V4-Flash-0731,ctx_pp @ d16384 (c2),1963.577648845708,1.3355944380255105,1304.810743470654,322.8727968749904,,,,,13378.26763333093,3309.9621824235705,13376.419133322392,3309.962182423571,13378.518083331679,3310.212180544984
deepseek-ai/DeepSeek-V4-Flash-0731,ctx_tg @ d16384 (c2),20.819044621666624,1.1030495753072014,17.896520091911643,5.833069348785183,67.66666666666667,3.39934634239519,35.333333333333336,5.022173057773122,,,,,,
deepseek-ai/DeepSeek-V4-Flash-0731,pp2048 @ d16384 (c2),631.4749195252925,1.6626947223518067,471.27887146877066,155.46370740161933,,,,,4878.0338166543515,1608.4190345162988,4876.185316645812,1608.4190345162992,4878.0338166543515,1608.4190345162988
deepseek-ai/DeepSeek-V4-Flash-0731,tg128 @ d16384 (c2),31.846393843918083,1.6010012664179805,23.731545721412285,6.219575788963253,74.33333333333333,5.792715732327589,39.333333333333336,8.319989316232457,,,,,,
deepseek-ai/DeepSeek-V4-Flash-0731,ctx_pp @ d16384 (c5),1990.093912005609,3.19483605200973,821.5711314258281,456.88280109484975,,,,,25639.745726667268,11119.370259003817,25637.89722665873,11119.370259003817,25769.176759999635,10945.769112859238
deepseek-ai/DeepSeek-V4-Flash-0731,ctx_tg @ d16384 (c5),15.294236825186717,1.6668845492928486,8.473761469265725,7.5461832392657335,100.33333333333333,11.953614051360738,25.533333333333335,8.325596408399555,,,,,,
deepseek-ai/DeepSeek-V4-Flash-0731,pp2048 @ d16384 (c5),636.8687929810822,2.7413707957515054,272.9400240346103,183.40064037431318,,,,,10298.339846660383,4529.824426809675,10296.491346651843,4529.824426809675,10298.339846660383,4529.824426809675
deepseek-ai/DeepSeek-V4-Flash-0731,tg128 @ d16384 (c5),30.059513262251613,1.7780224154845097,11.839815283504452,5.0048791604871505,109.66666666666667,12.684198393626966,28.866666666666667,6.270211763214665,,,,,,
deepseek-ai/DeepSeek-V4-Flash-0731,ctx_pp @ d16384 (c10),1974.144551176205,3.686746148227683,534.2648927718025,430.35525531941863,,,,,46504.580309999685,23618.60270440065,46502.73180999116,23618.602704400655,46504.61314666706,23618.551723098466
deepseek-ai/DeepSeek-V4-Flash-0731,ctx_tg @ d16384 (c10),13.828719422740866,1.1577337079603451,4.779789960849326,4.781666480207525,130.66666666666666,6.79869268479038,19.366666666666667,8.260279790795359,,,,,,
deepseek-ai/DeepSeek-V4-Flash-0731,pp2048 @ d16384 (c10),638.5839424148821,1.8444828430100353,176.57310155269346,161.9153973291705,,,,,18249.25116666418,9046.748719576786,18247.40266665564,9046.748719576786,18249.25116666418,9046.748719576786
deepseek-ai/DeepSeek-V4-Flash-0731,tg128 @ d16384 (c10),28.291047130234393,1.82564297800641,6.088686639695978,2.456373956179441,130.33333333333334,6.847546194724712,20.5,3.8622100754188224,,,,,,
deepseek-ai/DeepSeek-V4-Flash-0731,ctx_pp @ d32768 (c1),1942.5177145719351,0.9141144367948225,1942.5177145719351,0.9141144367948225,,,,,16871.196466662997,7.940476820356488,16869.34796665446,7.940476820356488,16871.196466662997,7.940476820356488
deepseek-ai/DeepSeek-V4-Flash-0731,ctx_tg @ d32768 (c1),44.62674380749007,17.999513499339965,44.62674380749007,17.999513499339965,59.37667681976264,23.95435466933088,59.37667681976264,23.95435466933088,,,,,,
deepseek-ai/DeepSeek-V4-Flash-0731,pp2048 @ d32768 (c1),598.3436888586201,2.4998477841696225,598.3436888586201,2.4998477841696225,,,,,3424.6900999957384,14.268621505498155,3422.841599987199,14.268621505498153,3424.6900999957384,14.268621505498155
deepseek-ai/DeepSeek-V4-Flash-0731,tg128 @ d32768 (c1),34.74656047498584,3.8259999166408303,34.74656047498584,3.8259999166408303,41.666666666666664,3.8586123009300755,41.666666666666664,3.8586123009300755,,,,,,
deepseek-ai/DeepSeek-V4-Flash-0731,ctx_pp @ d32768 (c2),1958.8678930320048,0.06300161678278308,1395.1747680188903,415.6836123658049,,,,,25777.32946666462,7679.640991765877,25775.48096665608,7679.640991765875,25777.32946666462,7679.640991765877
deepseek-ai/DeepSeek-V4-Flash-0731,ctx_tg @ d32768 (c2),11.509870036775936,1.306571171363656,18.221725431567357,11.91682439467981,64.0,4.320493798938574,36.666666666666664,3.636237371545238,,,,,,
deepseek-ai/DeepSeek-V4-Flash-0731,pp2048 @ d32768 (c2),601.7937446012626,4.981908515251799,452.39491392402607,151.43745961675512,,,,,5100.240950006992,1707.0338787759968,5098.392449998452,1707.0338787759972,5100.240950006992,1707.0338787759968
deepseek-ai/DeepSeek-V4-Flash-0731,tg128 @ d32768 (c2),27.143284017230226,1.712850694897353,20.111130047683222,5.2653137450556695,60.666666666666664,1.8856180831641267,33.333333333333336,2.8674417556808756,,,,,,
deepseek-ai/DeepSeek-V4-Flash-0731,ctx_pp @ d32768 (c5),1958.3809811058945,0.6866617948585942,858.2717820902948,514.5029367941901,,,,,50945.93724000151,23395.036512533447,50944.08873999296,23395.036512533447,51073.37414666738,23396.7570333317
deepseek-ai/DeepSeek-V4-Flash-0731,ctx_tg @ d32768 (c5),8.843094161822428,0.07260610712821836,6.885621169892571,7.089188758712284,91.0,6.164414002968976,26.6,4.909854037205859,,,,,,
deepseek-ai/DeepSeek-V4-Flash-0731,pp2048 @ d32768 (c5),619.5748101388272,4.376354147589349,260.9634123830715,170.54672787792353,,,,,10616.708433331223,4604.907029844503,10614.859933322685,4604.907029844503,10616.708433331223,4604.907029844503
deepseek-ai/DeepSeek-V4-Flash-0731,tg128 @ d32768 (c5),28.973296247935824,1.1873003144841112,11.042551965607716,3.8293001141576357,97.0,5.715476066494082,26.866666666666667,3.612324582438417,,,,,,
deepseek-ai/DeepSeek-V4-Flash-0731,ctx_pp @ d32768 (c10),1947.3323469612897,1.794167843133601,553.3849161106461,474.72207160672673,,,,,93151.51693333562,48158.51539865385,93149.66843332704,48158.51539865384,93215.2074733361,48103.277990427785
deepseek-ai/DeepSeek-V4-Flash-0731,ctx_tg @ d32768 (c10),6.696315288467137,0.582361262047508,3.9794486692617594,6.578537951083515,95.66666666666667,18.354533197248273,15.2,13.297618834463059,,,,,,
deepseek-ai/DeepSeek-V4-Flash-0731,pp2048 @ d32768 (c10),620.0857170732843,0.5604601582616849,169.7244729242022,155.08527252736687,,,,,18898.375336668687,9303.192681363911,18896.526836660145,9303.192681363911,19036.25674333501,9443.21169235531
deepseek-ai/DeepSeek-V4-Flash-0731,tg128 @ d32768 (c10),26.713009699367703,3.6624810738475797,6.263000429254938,3.7582257497016505,129.0,12.355835328567093,19.633333333333333,8.300535457962267,,,,,,
deepseek-ai/DeepSeek-V4-Flash-0731,ctx_pp @ d65535 (c1),1892.993468121361,0.8115911587883937,1892.993468121361,0.8115911587883937,,,,,34622.15393333463,14.846949393907886,34620.30543332609,14.846949393907886,34622.15393333463,14.846949393907886
deepseek-ai/DeepSeek-V4-Flash-0731,ctx_tg @ d65535 (c1),33.088438807076834,4.40138686382714,33.088438807076834,4.40138686382714,40.22460133289627,1.9146706024090177,40.22460133289627,1.9146706024090177,,,,,,
deepseek-ai/DeepSeek-V4-Flash-0731,pp2048 @ d65535 (c1),1288.8114619133023,14.460610442262805,1288.8114619133023,14.460610442262805,,,,,1591.1099666748971,17.869355683497293,1589.2614666663576,17.869355683497293,1591.1099666748971,17.869355683497293
deepseek-ai/DeepSeek-V4-Flash-0731,tg128 @ d65535 (c1),42.59449655943144,6.587190371212549,42.59449655943144,6.587190371212549,51.333333333333336,10.338708279513881,51.333333333333336,10.338708279513881,,,,,,
deepseek-ai/DeepSeek-V4-Flash-0731,ctx_pp @ d65535 (c2),1891.9845869649919,0.9793690910393803,1398.3379362045137,452.31792492817357,,,,,52345.75336666603,16931.609039380888,52343.90486665749,16931.60903938089,52345.75336666603,16931.609039380888
deepseek-ai/DeepSeek-V4-Flash-0731,ctx_tg @ d65535 (c2),6.549109805650566,0.037655412115588476,14.626841396503089,11.274250780619335,61.666666666666664,3.299831645537222,39.166666666666664,5.814254514170803,,,,,,
deepseek-ai/DeepSeek-V4-Flash-0731,pp2048 @ d65535 (c2),1312.7339496896138,29.38188422609627,950.9763781270949,296.5208716783794,,,,,2385.4959333354295,739.385290502663,2383.6474333268898,739.3852905026629,2385.4959333354295,739.385290502663
deepseek-ai/DeepSeek-V4-Flash-0731,tg128 @ d65535 (c2),35.82017470384492,3.4979767741803287,23.356341390427144,4.547249943221772,62.666666666666664,8.73053390247253,34.333333333333336,5.088112507491249,,,,,,
deepseek-ai/DeepSeek-V4-Flash-0731,ctx_pp @ d65535 (c5),1894.200538063129,0.9026909924270488,850.3708610435716,533.5750595205475,,,,,104673.17138666792,48672.34608222344,104671.3228866594,48672.346082223434,104673.17138666792,48672.34608222344
deepseek-ai/DeepSeek-V4-Flash-0731,ctx_tg @ d65535 (c5),3.8160976951775414,0.5489210399523975,6.872165908229045,10.56237706875766,61.333333333333336,4.4969125210773475,17.733333333333334,13.333999983334168,,,,,,
deepseek-ai/DeepSeek-V4-Flash-0731,pp2048 @ d65535 (c5),1446.309784186474,17.52557178435217,546.7172008095205,370.1668501543896,,,,,5020.265140000265,1988.023726349589,5018.416639991726,1988.023726349589,5167.956453332833,1979.5030693149747
deepseek-ai/DeepSeek-V4-Flash-0731,tg128 @ d65535 (c5),44.77835555988702,3.020250812084398,15.62529992669481,4.789671403221993,107.33333333333333,11.897712198383164,27.666666666666668,5.485333981526457,,,,,,
deepseek-ai/DeepSeek-V4-Flash-0731,ctx_pp @ d65535 (c10),1886.283514925142,5.680384338765264,545.7779117905169,484.59304220709896,,,,,191845.05879000062,99728.6234313328,191843.21028999213,99728.62343133282,191845.05879000062,99728.6234313328
deepseek-ai/DeepSeek-V4-Flash-0731,ctx_tg @ d65535 (c10),3.3241099367587146,0.3230831737102625,3.9449254838898793,7.469891462736078,73.66666666666667,5.90668171555645,11.266666666666667,12.225474314815857,,,,,,
deepseek-ai/DeepSeek-V4-Flash-0731,pp2048 @ d65535 (c10),1496.2747451666453,21.37891967601169,355.68968126898875,316.0865501493124,,,,,8544.403963333269,3853.7308580147474,8542.555463324727,3853.730858014747,8569.306579999587,3882.2479499021692
deepseek-ai/DeepSeek-V4-Flash-0731,tg128 @ d65535 (c10),49.8585014828411,2.116142330627017,8.714388135335325,2.5171857698237137,137.33333333333334,7.760297817881877,20.566666666666666,3.8529930645610513,,,,,,
deepseek-ai/DeepSeek-V4-Flash-0731,ctx_pp @ d100000 (c1),1820.9421022926333,8.31815664212379,1820.9421022926333,8.31815664212379,,,,,54920.16963333784,250.4336829490599,54918.3211333293,250.4336829490599,54920.16963333784,250.4336829490599
deepseek-ai/DeepSeek-V4-Flash-0731,ctx_tg @ d100000 (c1),38.86954510890134,7.488438181836254,38.86954510890134,7.488438181836254,47.666666666666664,9.177266598624136,47.666666666666664,9.177266598624136,,,,,,
deepseek-ai/DeepSeek-V4-Flash-0731,pp2048 @ d100000 (c1),1201.4186458289005,9.088190060943214,1201.4186458289005,9.088190060943214,,,,,1706.5972333366517,12.864607988498525,1704.7487333281122,12.864607988498525,1706.5972333366517,12.864607988498525
deepseek-ai/DeepSeek-V4-Flash-0731,tg128 @ d100000 (c1),40.500140247522445,4.2093978732674495,40.500140247522445,4.2093978732674495,50.666666666666664,8.73053390247253,50.666666666666664,8.73053390247253,,,,,,
deepseek-ai/DeepSeek-V4-Flash-0731,ctx_pp @ d100000 (c2),1824.802923334834,2.530538645899581,1345.2765859306605,432.8640029765609,,,,,82921.53280000396,26680.399981530223,82919.68429999544,26680.399981530223,82921.53280000396,26680.399981530223
deepseek-ai/DeepSeek-V4-Flash-0731,ctx_tg @ d100000 (c2),3.794075727730494,0.7886773580661527,15.665058300811431,14.220319444166966,49.333333333333336,6.018490028422596,28.833333333333332,13.359349618234496,,,,,,
deepseek-ai/DeepSeek-V4-Flash-0731,pp2048 @ d100000 (c2),1276.5625692189033,4.98750602701015,915.3639722934519,276.733224386135,,,,,2464.199916663347,744.2645108946169,2462.351416654807,744.2645108946167,2465.2548499968057,743.1867107181737
deepseek-ai/DeepSeek-V4-Flash-0731,tg128 @ d100000 (c2),37.37212604605587,3.9142191937031545,26.109451095085944,11.757468996569175,64.33333333333333,10.873004286866728,37.666666666666664,10.640593133008245,,,,,,
deepseek-ai/DeepSeek-V4-Flash-0731,ctx_pp @ d100000 (c5),1804.8712784979682,23.64119380792782,814.0918150641857,505.1873089058873,,,,,166429.07162666865,77754.51964349434,166427.2231266601,77754.51964349435,166429.449380001,77753.99651260069
deepseek-ai/DeepSeek-V4-Flash-0731,ctx_tg @ d100000 (c5),2.73337287481955,0.059928473213198705,7.285249075812112,11.890638772153329,64.33333333333333,6.599663291074444,16.6,16.930445948054647,,,,,,
deepseek-ai/DeepSeek-V4-Flash-0731,pp2048 @ d100000 (c5),1257.4359832318917,192.6196719706295,460.7376589421486,320.46251045867166,,,,,6087.432000006083,2644.347692650176,6085.583499997544,2644.347692650176,6088.69324667224,2642.2665220202007
deepseek-ai/DeepSeek-V4-Flash-0731,tg128 @ d100000 (c5),32.629706773887555,3.375777633646186,11.94292160870763,5.597256300673286,75.66666666666667,5.557777333511022,21.733333333333334,6.88444300982698,,,,,,
deepseek-ai/DeepSeek-V4-Flash-0731,ctx_pp @ d100000 (c10),1819.8701454714053,3.341101800509055,528.3442157447683,468.1414168407407,,,,,302889.9973899989,157878.76829837207,302888.14888999035,157878.76829837207,302889.9973899989,157878.76829837207
deepseek-ai/DeepSeek-V4-Flash-0731,ctx_tg @ d100000 (c10),2.438731347767138,0.10033368320240837,4.452412031762195,9.64737806811059,63.333333333333336,1.699673171197595,10.266666666666667,15.046446608935797,,,,,,
deepseek-ai/DeepSeek-V4-Flash-0731,pp2048 @ d100000 (c10),1447.5124102180225,19.053010755814935,325.02738218206497,265.4611376113536,,,,,8857.099533333288,3765.428177482964,8855.251033324748,3765.4281774829637,8857.099533333288,3765.428177482964
deepseek-ai/DeepSeek-V4-Flash-0731,tg128 @ d100000 (c10),48.24737854265475,1.9243830025511408,8.277700629564963,2.064476096738789,131.0,6.48074069840786,21.066666666666666,4.1627982041997775,,,,,,

